<?xml version="1.0" encoding="utf-8"?>
<grammar>
	<individual name="london">london</individual>
	<individual name="seoul">seoul</individual>
	<individual name="gothenburg">gothenburg</individual>
	<individual name="uk">uk</individual>
	<individual name="swe">swe</individual>
	<individual name="kor">kor</individual>

	<question speaker="all" predicate="get_temperature" type="wh_question">summary temp</question>
	<question speaker="all" predicate="get_weather" type="wh_question">summary weather</question>


	<answer speaker="system" predicate="get_temperature">The temperature is <slot predicate="get_temperature" type="individual"/></answer>

	<answer speaker="system" predicate="get_weather">The weather is <slot predicate="get_weather" type="get_weather"/></answer>






	<question speaker="system" predicate="country_to_search" type="wh_question">
			what country
	</question>
	<question speaker="system" predicate="city_to_search" type="wh_question">
			what city
	</question>


	<question speaker="user" predicate="get_temperature" type="wh_question">
		<one-of>
			<item>temp</item>
			<item>temperature <slot predicate="city_to_search" type="individual"/> <slot predicate="country_to_search" type="individual"/></item>
		</one-of>
	</question>

	<question speaker="user" predicate="get_weather" type="wh_question">
		<one-of>
			<item>what weather</item>
			<item>weather <slot predicate="city_to_search" type="individual"></slot> in <slot predicate="country_to_search" type="individual"></slot></item>
		</one-of>
	</question>



<action name="top">
	<np><indefinite>start view</indefinite></np>
</action>



</grammar>
