<?xml version="1.0" encoding="utf-8"?>
<domain name="WeatherDomain" is_super_domain="true">
  <goal type="perform" action="top">
    <plan>
      <findout type="alt_question">
        <alt>
          <resolve type="wh_question" predicate="get_temperature"/>
        </alt>
        <alt>
          <resolve type="wh_question" predicate="get_weather"/>
        </alt>
      </findout>
    </plan>
  </goal>



 
  <goal type="resolve" question_type="wh_question" predicate="get_temperature">
  
    <plan>
      <findout type="wh_question" predicate="city_to_search"/>
      <findout type="wh_question" predicate="country_to_search"/>
      <dev_query device="WeatherDevice" type="wh_question" predicate="get_temperature"/>
      <forget predicate="city_to_search"/>
      <forget predicate="country_to_search"/>
    </plan>

  </goal>

  <goal type="resolve" question_type="wh_question" predicate="get_weather">
  
    <plan>
      <findout type="wh_question" predicate="city_to_search"/>
      <findout type="wh_question" predicate="country_to_search"/>
      <dev_query device="WeatherDevice" type="wh_question" predicate="get_weather"/>
      <forget predicate="city_to_search"/>
      <forget predicate="country_to_search"/>
    </plan>

  </goal>



</domain>
