<?xml version="1.0" encoding="utf-8"?>
<ontology name="WeatherOntology">
  <sort name="country"/>
  <individual name="uk" sort="country"/>
  <individual name="kor" sort="country"/>
  <individual name="swe" sort="country"/>

  <sort name="city"/>
  <individual name="london" sort="city"/>
  <individual name="seoul" sort="city"/>
  <individual name="gothenburg" sort="city"/>

  <predicate name="get_temperature" sort="string"/>
  <predicate name="get_weather" sort="string"/>
  <predicate name="city_to_search" sort="string"/>
  <predicate name="country_to_search" sort="string"/>

  <action name="top"/>
  
</ontology>
